{
  "lr": {
    "accuracy": 0.8562649880095923,
    "auc": 0.9307703534098715,
    "precision": 0.8658455392809588,
    "recall": 0.7152481781933178,
    "f1": 0.7833747458775695,
    "mcc": 0.6842041666442363
  },
  "dt": {
    "accuracy": 0.8829436450839329,
    "auc": 0.9149024201477085,
    "precision": 0.8664882545346417,
    "recall": 0.8013199505018562,
    "f1": 0.8326309022073005,
    "mcc": 0.7441832631673908
  },
  "knn": {
    "accuracy": 0.8878397282174261,
    "auc": 0.9430370881416831,
    "precision": 0.8566969353007946,
    "recall": 0.8301938677299602,
    "f1": 0.8432372041058586,
    "mcc": 0.7561802679626658
  },
  "nb": {
    "accuracy": 0.7022382094324541,
    "auc": 0.899529260079962,
    "precision": 0.8914728682170543,
    "recall": 0.20555479169531143,
    "f1": 0.3340782122905028,
    "mcc": 0.33204020873153306
  },
  "rf": {
    "accuracy": 0.8821942446043165,
    "auc": 0.9553509312850662,
    "precision": 0.8597569901917728,
    "recall": 0.8075072184793071,
    "f1": 0.8328133862733976,
    "mcc": 0.7428762493142457
  },
  "xgb": {
    "accuracy": 0.892236211031175,
    "auc": 0.9608938520059362,
    "precision": 0.8514701841165155,
    "recall": 0.8520555479169531,
    "f1": 0.8517627654456739,
    "mcc": 0.7671115841102979
  }
}