{
  "confusion_matrices": {
    "lr": [
      [
        11937,
        806
      ],
      [
        2071,
        5202
      ]
    ],
    "dt": [
      [
        11845,
        898
      ],
      [
        1445,
        5828
      ]
    ],
    "knn": [
      [
        11733,
        1010
      ],
      [
        1235,
        6038
      ]
    ],
    "nb": [
      [
        12561,
        182
      ],
      [
        5778,
        1495
      ]
    ],
    "rf": [
      [
        11777,
        966
      ],
      [
        1226,
        6047
      ]
    ],
    "xgb": [
      [
        11662,
        1081
      ],
      [
        1076,
        6197
      ]
    ]
  },
  "classification_reports": {
    "lr": {
      "0": {
        "precision": 0.8521559109080525,
        "recall": 0.936749588009103,
        "f1-score": 0.8924526185936974,
        "support": 12743.0
      },
      "1": {
        "precision": 0.8658455392809588,
        "recall": 0.7152481781933178,
        "f1-score": 0.7833747458775695,
        "support": 7273.0
      },
      "accuracy": 0.8562649880095923,
      "macro avg": {
        "precision": 0.8590007250945056,
        "recall": 0.8259988831012104,
        "f1-score": 0.8379136822356335,
        "support": 20016.0
      },
      "weighted avg": {
        "precision": 0.8571301648626962,
        "recall": 0.8562649880095923,
        "f1-score": 0.8528181577491533,
        "support": 20016.0
      }
    },
    "dt": {
      "0": {
        "precision": 0.8912716328066215,
        "recall": 0.9295299380051794,
        "f1-score": 0.9099988476164868,
        "support": 12743.0
      },
      "1": {
        "precision": 0.8664882545346417,
        "recall": 0.8013199505018562,
        "f1-score": 0.8326309022073005,
        "support": 7273.0
      },
      "accuracy": 0.8829436450839329,
      "macro avg": {
        "precision": 0.8788799436706316,
        "recall": 0.8654249442535178,
        "f1-score": 0.8713148749118936,
        "support": 20016.0
      },
      "weighted avg": {
        "precision": 0.8822663615150492,
        "recall": 0.8829436450839329,
        "f1-score": 0.8818864841592019,
        "support": 20016.0
      }
    },
    "knn": {
      "0": {
        "precision": 0.9047655768044417,
        "recall": 0.9207407988699678,
        "f1-score": 0.9126832873089339,
        "support": 12743.0
      },
      "1": {
        "precision": 0.8566969353007946,
        "recall": 0.8301938677299602,
        "f1-score": 0.8432372041058586,
        "support": 7273.0
      },
      "accuracy": 0.8878397282174261,
      "macro avg": {
        "precision": 0.8807312560526181,
        "recall": 0.8754673332999641,
        "f1-score": 0.8779602457073963,
        "support": 20016.0
      },
      "weighted avg": {
        "precision": 0.887299388272466,
        "recall": 0.8878397282174261,
        "f1-score": 0.8874494062569771,
        "support": 20016.0
      }
    },
    "nb": {
      "0": {
        "precision": 0.6849337477506953,
        "recall": 0.9857176489052814,
        "f1-score": 0.8082491474165112,
        "support": 12743.0
      },
      "1": {
        "precision": 0.8914728682170543,
        "recall": 0.20555479169531143,
        "f1-score": 0.3340782122905028,
        "support": 7273.0
      },
      "accuracy": 0.7022382094324541,
      "macro avg": {
        "precision": 0.7882033079838748,
        "recall": 0.5956362203002964,
        "f1-score": 0.571163679853507,
        "support": 20016.0
      },
      "weighted avg": {
        "precision": 0.7599816605780249,
        "recall": 0.7022382094324541,
        "f1-score": 0.6359547223979531,
        "support": 20016.0
      }
    },
    "rf": {
      "0": {
        "precision": 0.9057140659847728,
        "recall": 0.9241936749588009,
        "f1-score": 0.9148605608638235,
        "support": 12743.0
      },
      "1": {
        "precision": 0.8622558106373877,
        "recall": 0.8314313213254503,
        "f1-score": 0.8465630687386252,
        "support": 7273.0
      },
      "accuracy": 0.8904876099120703,
      "macro avg": {
        "precision": 0.8839849383110803,
        "recall": 0.8778124981421256,
        "f1-score": 0.8807118148012243,
        "support": 20016.0
      },
      "weighted avg": {
        "precision": 0.8899231041971263,
        "recall": 0.8904876099120703,
        "f1-score": 0.8900440310763251,
        "support": 20016.0
      }
    },
    "xgb": {
      "0": {
        "precision": 0.9155283403988067,
        "recall": 0.9151691124538962,
        "f1-score": 0.9153486911816647,
        "support": 12743.0
      },
      "1": {
        "precision": 0.8514701841165155,
        "recall": 0.8520555479169531,
        "f1-score": 0.8517627654456739,
        "support": 7273.0
      },
      "accuracy": 0.892236211031175,
      "macro avg": {
        "precision": 0.8834992622576612,
        "recall": 0.8836123301854246,
        "f1-score": 0.8835557283136692,
        "support": 20016.0
      },
      "weighted avg": {
        "precision": 0.8922522127688555,
        "recall": 0.892236211031175,
        "f1-score": 0.8922441529183822,
        "support": 20016.0
      }
    }
  }
}